{
  "IcoMoonType": "selection",
  "icons": [
    {
      "icon": {
        "paths": [
          "M1024 608l-192-192v-288h-128v160l-192-192-512 512v32h128v320h320v-192h128v192h320v-320h128z"
        ],
        "tags": [
          "home",
          "house"
        ],
        "defaultCode": 59650,
        "grid": 16,
        "attrs": []
      },
      "attrs": [],
      "properties": {
        "ligatures": "home3, house3",
        "name": "home3",
        "order": 2,
        "id": 3,
        "prevSize": 32,
        "code": 59650
      },
      "setIdx": 0,
      "setId": 1,
      "iconIdx": 2
    },
    {
      "icon": {
        "paths": [
          "M576 706.612v-52.78c70.498-39.728 128-138.772 128-237.832 0-159.058 0-288-192-288s-192 128.942-192 288c0 99.060 57.502 198.104 128 237.832v52.78c-217.102 17.748-384 124.42-384 253.388h896c0-128.968-166.898-235.64-384-253.388z"
        ],
        "tags": [
          "user",
          "profile",
          "avatar",
          "person",
          "member"
        ],
        "defaultCode": 59761,
        "grid": 16,
        "attrs": []
      },
      "attrs": [],
      "properties": {
        "ligatures": "user, profile2",
        "name": "user",
        "order": 5,
        "id": 114,
        "prevSize": 32,
        "code": 59761
      },
      "setIdx": 0,
      "setId": 1,
      "iconIdx": 113
    },
    {
      "icon": {
        "width": 1152,
        "paths": [
          "M768 770.612v-52.78c70.498-39.728 128-138.772 128-237.832 0-159.058 0-288-192-288s-192 128.942-192 288c0 99.060 57.502 198.104 128 237.832v52.78c-217.102 17.748-384 124.42-384 253.388h896c0-128.968-166.898-235.64-384-253.388z",
          "M327.196 795.328c55.31-36.15 124.080-63.636 199.788-80.414-15.054-17.784-28.708-37.622-40.492-59.020-30.414-55.234-46.492-116.058-46.492-175.894 0-86.042 0-167.31 30.6-233.762 29.706-64.504 83.128-104.496 159.222-119.488-16.914-76.48-61.94-126.75-181.822-126.75-192 0-192 128.942-192 288 0 99.060 57.502 198.104 128 237.832v52.78c-217.102 17.748-384 124.42-384 253.388h279.006c14.518-12.91 30.596-25.172 48.19-36.672z"
        ],
        "tags": [
          "users",
          "group",
          "team",
          "members",
          "community",
          "collaborate"
        ],
        "defaultCode": 59762,
        "grid": 16,
        "attrs": []
      },
      "attrs": [],
      "properties": {
        "ligatures": "users, group",
        "name": "users",
        "order": 4,
        "id": 115,
        "prevSize": 32,
        "code": 59762
      },
      "setIdx": 0,
      "setId": 1,
      "iconIdx": 114
    },
    {
      "icon": {
        "paths": [
          "M320 192c0-106.039 85.961-192 192-192s192 85.961 192 192c0 106.039-85.961 192-192 192s-192-85.961-192-192zM768.078 448h-35.424l-199.104 404.244 74.45-372.244-96-96-96 96 74.45 372.244-199.102-404.244h-35.424c-127.924 0-127.924 85.986-127.924 192v320h768v-320c0-106.014 0-192-127.922-192z"
        ],
        "tags": [
          "user-tie",
          "user",
          "user-employee",
          "profile",
          "avatar",
          "person",
          "member",
          "job",
          "official"
        ],
        "defaultCode": 59766,
        "grid": 16,
        "attrs": []
      },
      "attrs": [],
      "properties": {
        "ligatures": "user-tie, user5",
        "name": "user-tie",
        "order": 3,
        "id": 119,
        "prevSize": 32,
        "code": 59766
      },
      "setIdx": 0,
      "setId": 1,
      "iconIdx": 118
    },
    {
      "icon": {
        "paths": [
          "M416 96c0-53.018 42.98-96 96-96s96 42.982 96 96c0 53.020-42.98 96-96 96s-96-42.98-96-96z",
          "M640 320l329.596-142.172-23.77-59.424-401.826 137.596h-64l-401.826-137.596-23.77 59.424 329.596 142.172v256l-131.27 424.57 59.84 22.7 185.716-415.27h27.428l185.716 415.27 59.84-22.7-131.27-424.57z"
        ],
        "tags": [
          "accessibility"
        ],
        "defaultCode": 59826,
        "grid": 16,
        "attrs": []
      },
      "attrs": [],
      "properties": {
        "ligatures": "accessibility",
        "name": "accessibility",
        "order": 6,
        "id": 179,
        "prevSize": 32,
        "code": 59826
      },
      "setIdx": 0,
      "setId": 1,
      "iconIdx": 178
    }
  ],
  "height": 1024,
  "metadata": {
    "name": "icomoon"
  },
  "preferences": {
    "showGlyphs": true,
    "showQuickUse": true,
    "showQuickUse2": true,
    "showSVGs": true,
    "fontPref": {
      "prefix": "icon-",
      "metadata": {
        "fontFamily": "icomoon"
      },
      "metrics": {
        "emSize": 1024,
        "baseline": 6.25,
        "whitespace": 50
      },
      "embed": false
    },
    "imagePref": {
      "prefix": "icon-",
      "png": true,
      "useClassSelector": true,
      "color": 0,
      "bgColor": 16777215,
      "classSelector": ".icon"
    },
    "historySize": 100,
    "showCodes": true,
    "gridSize": 16
  }
}